{
    "Profile_ID": "Default",
    "Actions": [
        {
            "name": "lolll",
            "G_name": "down",
            "key_pressed": "b",
            "input_type": "Click",
            "key_type": null
        },
        {
            "name": "zxcvbnm",
            "G_name": "up",
            "key_pressed": "f",
            "input_type": "Hold",
            "key_type": null
        },
        {
            "name": "new_action_2",
            "G_name": "cross",
            "key_pressed": "t",
            "input_type": "Click",
            "key_type": null
        }
    ]
}