{
    "Profile_ID": "Driving",
    "Actions": [
        {
            "name": "accelerate",
            "G_name": "up",
            "key_pressed": "w",
            "input_type": "Hold",
            "key_type": "Keyboard"
        },
        {
            "name": "reverse",
            "G_name": "down",
            "key_pressed": "s",
            "input_type": "Hold",
            "key_type": "Keyboard"
        },
        {
            "name": "turn_left",
            "G_name": "left",
            "key_pressed": "a",
            "input_type": "Hold",
            "key_type": "Keyboard"
        },
        {
            "name": "turn_right",
            "G_name": "right",
            "key_pressed": "d",
            "input_type": "Hold",
            "key_type": "Keyboard"
        },
        {
            "name": "neutral",
            "G_name": "null",
            "key_pressed": "NULL",
            "input_type": "Click",
            "key_type": null
        }
    ]
}